{   "width": 9,
    "robot": {"x":3,"y":5},
    "height": 7,
    "objects_on_floor": [
        {
            "x": 0,
            "y": 0,
            "type": "lamp",
            "color": "null",
            "shape": "off"
        },
        {
            "x": 0,
            "y": 1,
            "type": "chair",
            "color": "null",
            "shape": "no_one_sitted_on_chair"
        },
        {
            "x": 5,
            "y": 3,
            "type": "door",
            "color": "null",
            "shape": "closed"
        },
        {
            "x": 0,
            "y": 5,
            "type": "item",
            "color": "null",
            "shape": "key"
        },
        {
            "x": 1,
            "y": 5,
            "type": "fire",
            "color": "null",
            "shape": "on"
        },
        {
            "x": 8,
            "y": 5,
            "type": "charger",
            "color": "null",
            "shape": "not_in_use"
        },
        {
            "x": 4,
            "y": 0,
            "type": "item",
            "color": "purple",
            "shape": "cube"
        },
        {
            "x": 5,
            "y": 1,
            "type": "water",
            "color": "null",
            "shape": "null"
        },
        {
            "x": 0,
            "y": 4,
            "type": "wall",
            "color": "null",
            "shape": "null"
        },
        {
            "x": 1,
            "y": 4,
            "type": "wall",
            "color": "null",
            "shape": "null"
        },
        {
            "x": 5,
            "y": 2,
            "type": "wall",
            "color": "null",
            "shape": "null"
        },
        {
            "x": 6,
            "y": 2,
            "type": "wall",
            "color": "null",
            "shape": "null"
        },
        {
            "x": 7,
            "y": 2,
            "type": "wall",
            "color": "null",
            "shape": "null"
        },
        {
            "x": 8,
            "y": 2,
            "type": "wall",
            "color": "null",
            "shape": "null"
        },
        {
            "x": 1,
            "y": 3,
            "type": "water",
            "color": "null",
            "shape": "null"
        },
        {
            "x": 7,
            "y": 4,
            "type": "item",
            "color": "green",
            "shape": "cube"
        },
        {
            "x": 0,
            "y": 6,
            "type": "wall",
            "color": "null",
            "shape": "null"
        },
        {
            "x": 1,
            "y": 6,
            "type": "wall",
            "color": "null",
            "shape": "null"
        },
        {
            "x": 2,
            "y": 6,
            "type": "wall",
            "color": "null",
            "shape": "null"
        },
        {
            "x": 3,
            "y": 6,
            "type": "wall",
            "color": "null",
            "shape": "null"
        },
        {
            "x": 4,
            "y": 6,
            "type": "wall",
            "color": "null",
            "shape": "null"
        },
        {
            "x": 5,
            "y": 5,
            "type": "wall",
            "color": "null",
            "shape": "null"
        },
        {
            "x": 5,
            "y": 4,
            "type": "wall",
            "color": "null",
            "shape": "null"
        },
        {
            "x": 5,
            "y": 6,
            "type": "wall",
            "color": "null",
            "shape": "null"
        },
        {
            "x": 6,
            "y": 6,
            "type": "wall",
            "color": "null",
            "shape": "null"
        },
        {
            "x": 7,
            "y": 6,
            "type": "wall",
            "color": "null",
            "shape": "null"
        },
        {
            "x": 8,
            "y": 6,
            "type": "wall",
            "color": "null",
            "shape": "null"
        }

    ],
    "objects_on_robot":[
    ]
}

